"district","major","mid_in_shapes","precinct"
"1","01.01","1"
"1","01.01","2"
"1","01.01","3"
"1","01.01","4"
"1","01.01","5"
"1","01.01","6"
"1","01.01","7"
"1","01.01","8"
"1","01.01","9"
"1","01.01","10"
"1","01.01","11"
"1","01.01","12"
"1","01.01","13"
"1","01.01","14"
"1","01.01","15"
"1","01.01","16"
"1","01.01","17"
"1","01.01","18"
"1","01.01","19"
"1","01.01","20"
"1","01.01","21"
"1","01.01","22"
"1","01.01","23"
"1","01.01","24"
"1","01.01","25"
"1","01.01","26"
"1","01.01","27"
"1","01.01","28"
"1","01.01","29"
"1","01.01","30"
"1","01.01","31"
"1","01.01","32"
"1","01.01","33"
"1","01.01","35"
"1","01.01","36"
"1","01.01","37"
"1","01.01","38"
"1","01.01","39"
"2","02.02","1"
"2","02.02","2"
"2","02.02","3"
"2","02.02","4"
"2","02.02","5"
"2","02.02","6"
"2","02.02","7"
"2","02.02","8"
"2","02.02","9"
"2","02.02","10"
"2","02.02","11"
"2","02.02","12"
"2","02.02","13"
"2","02.02","14"
"2","02.02","15"
"2","02.02","16"
"2","02.02","17"
"2","02.02","18"
"2","02.02","19"
"2","02.02","22"
"2","02.02","27"
"2","02.02","32"
"2","02.02","48"
"2","02.02","49"
"2","02.02","50"
"2","02.02","51"
"2","02.02","52"
"2","02.02","53"
"2","02.02","65"
"2","02.02","66"
"2","02.02","67"
"2","02.02","68"
"2","02.02","69"
"2","02.02","70"
"2","02.02","71"
"2","02.02","75"
"2","02.02","76"
"2","02.02","78"
"2","02.02","79"
"2","02.03","20"
"2","02.03","23"
"2","02.03","24"
"2","02.03","25"
"2","02.03","26"
"2","02.03","28"
"2","02.03","29"
"2","02.03","30"
"2","02.03","31"
"2","02.03","33"
"2","02.03","34"
"2","02.03","35"
"2","02.03","36"
"2","02.03","37"
"2","02.03","38"
"2","02.03","39"
"2","02.03","40"
"2","02.03","41"
"2","02.03","42"
"2","02.03","43"
"2","02.03","44"
"2","02.03","45"
"2","02.03","46"
"2","02.03","47"
"2","02.03","54"
"2","02.03","55"
"2","02.03","56"
"2","02.03","57"
"2","02.03","58"
"2","02.03","59"
"2","02.03","60"
"2","02.03","61"
"2","02.03","62"
"2","02.03","63"
"2","02.03","64"
"2","02.03","72"
"2","02.03","73"
"2","02.03","74"
"2","02.03","80"
"3","03.04","33"
"3","03.04","34"
"3","03.04","35"
"3","03.04","36"
"3","03.04","37"
"3","03.04","38"
"3","03.04","39"
"3","03.04","40"
"3","03.04","41"
"3","03.04","42"
"3","03.04","49"
"3","03.04","50"
"3","03.04","51"
"3","03.04","52"
"3","03.04","53"
"3","03.04","55"
"3","03.04","56"
"3","03.04","57"
"3","03.04","58"
"3","03.04","59"
"3","03.04","73"
"3","03.04","74"
"3","03.04","75"
"3","03.04","76"
"3","03.04","80"
"3","03.04","86"
"3","03.04","87"
"3","03.04","89"
"3","03.04","90"
"3","03.05","6"
"3","03.05","7"
"3","03.05","12"
"3","03.05","13"
"3","03.05","14"
"3","03.05","15"
"3","03.05","16"
"3","03.05","17"
"3","03.05","18"
"3","03.05","19"
"3","03.05","20"
"3","03.05","21"
"3","03.05","22"
"3","03.05","23"
"3","03.05","24"
"3","03.05","25"
"3","03.05","32"
"3","03.05","45"
"3","03.05","46"
"3","03.05","47"
"3","03.05","60"
"3","03.05","64"
"3","03.05","65"
"3","03.05","66"
"3","03.05","67"
"3","03.05","68"
"3","03.05","70"
"3","03.05","79"
"3","03.05","84"
"3","03.05","85"
"3","03.05","88"
"3","03.06","1"
"3","03.06","2"
"3","03.06","3"
"3","03.06","4"
"3","03.06","5"
"3","03.06","8"
"3","03.06","9"
"3","03.06","10"
"3","03.06","11"
"3","03.06","26"
"3","03.06","27"
"3","03.06","28"
"3","03.06","29"
"3","03.06","30"
"3","03.06","31"
"3","03.06","43"
"3","03.06","44"
"3","03.06","48"
"3","03.06","54"
"3","03.06","61"
"3","03.06","62"
"3","03.06","63"
"3","03.06","69"
"3","03.06","71"
"3","03.06","72"
"3","03.06","77"
"3","03.06","78"
"3","03.06","81"
"3","03.06","82"
"3","03.06","83"
"4","04.07","1"
"4","04.07","2"
"4","04.07","3"
"4","04.07","4"
"4","04.07","5"
"4","04.07","6"
"4","04.07","7"
"4","04.07","8"
"4","04.07","9"
"4","04.07","10"
"4","04.07","11"
"4","04.07","12"
"4","04.07","13"
"4","04.07","14"
"4","04.07","15"
"4","04.07","16"
"4","04.07","17"
"4","04.07","18"
"4","04.07","19"
"4","04.07","20"
"4","04.07","21"
"4","04.07","22"
"4","04.07","23"
"4","04.07","24"
"4","04.07","25"
"4","04.07","26"
"4","04.07","27"
"4","04.07","28"
"4","04.07","29"
"4","04.07","30"
"4","04.07","31"
"4","04.07","32"
"5","05.08","1"
"5","05.08","2"
"5","05.08","3"
"5","05.08","4"
"5","05.08","5"
"5","05.08","6"
"5","05.08","7"
"5","05.08","8"
"5","05.08","9"
"5","05.08","10"
"5","05.08","11"
"5","05.08","12"
"5","05.08","13"
"5","05.08","14"
"5","05.08","16"
"5","05.08","17"
"5","05.08","18"
"5","05.08","19"
"5","05.08","38"
"5","05.08","39"
"5","05.08","40"
"5","05.08","41"
"5","05.08","42"
"5","05.08","43"
"5","05.08","44"
"5","05.08","45"
"5","05.08","46"
"5","05.08","78"
"5","05.09","15"
"5","05.09","20"
"5","05.09","21"
"5","05.09","22"
"5","05.09","23"
"5","05.09","24"
"5","05.09","25"
"5","05.09","26"
"5","05.09","27"
"5","05.09","28"
"5","05.09","29"
"5","05.09","30"
"5","05.09","31"
"5","05.09","32"
"5","05.09","33"
"5","05.09","34"
"5","05.09","35"
"5","05.09","36"
"5","05.09","37"
"5","05.09","76"
"5","05.10","47"
"5","05.10","48"
"5","05.10","49"
"5","05.10","50"
"5","05.10","51"
"5","05.10","52"
"5","05.10","53"
"5","05.10","54"
"5","05.10","55"
"5","05.10","56"
"5","05.10","57"
"5","05.10","58"
"5","05.10","59"
"5","05.10","60"
"5","05.10","61"
"5","05.10","62"
"5","05.10","63"
"5","05.10","64"
"5","05.10","65"
"5","05.10","66"
"5","05.10","67"
"5","05.10","68"
"5","05.10","69"
"5","05.10","70"
"5","05.10","71"
"5","05.10","72"
"5","05.10","73"
"5","05.10","74"
"5","05.10","75"
"6","06.11","1"
"6","06.11","2"
"6","06.11","3"
"6","06.11","4"
"6","06.11","5"
"6","06.11","6"
"6","06.11","7"
"6","06.11","8"
"6","06.11","9"
"6","06.11","10"
"6","06.11","11"
"6","06.11","12"
"6","06.11","13"
"6","06.11","14"
"6","06.11","15"
"6","06.11","16"
"6","06.11","17"
"6","06.11","18"
"6","06.11","19"
"6","06.11","20"
"6","06.11","21"
"6","06.11","22"
"6","06.11","23"
"6","06.11","24"
"6","06.11","25"
"6","06.11","26"
"6","06.11","27"
"6","06.11","118"
"6","06.12","28"
"6","06.12","29"
"6","06.12","30"
"6","06.12","31"
"6","06.12","32"
"6","06.12","33"
"6","06.12","34"
"6","06.12","35"
"6","06.12","36"
"6","06.12","37"
"6","06.12","38"
"6","06.12","39"
"6","06.12","40"
"6","06.12","41"
"6","06.12","42"
"6","06.12","43"
"6","06.12","44"
"6","06.12","45"
"6","06.12","46"
"6","06.12","47"
"6","06.12","49"
"6","06.12","50"
"6","06.12","51"
"6","06.12","52"
"6","06.12","53"
"6","06.12","54"
"6","06.12","55"
"6","06.12","56"
"6","06.12","57"
"6","06.12","58"
"6","06.12","59"
"6","06.13","48"
"6","06.13","60"
"6","06.13","61"
"6","06.13","62"
"6","06.13","63"
"6","06.13","64"
"6","06.13","65"
"6","06.13","66"
"6","06.13","67"
"6","06.13","68"
"6","06.13","69"
"6","06.13","70"
"6","06.13","71"
"6","06.13","72"
"6","06.13","73"
"6","06.13","74"
"6","06.13","75"
"6","06.13","76"
"6","06.13","77"
"6","06.13","78"
"6","06.13","79"
"6","06.13","80"
"6","06.13","81"
"6","06.13","117"
"6","06.14","82"
"6","06.14","83"
"6","06.14","84"
"6","06.14","85"
"6","06.14","86"
"6","06.14","87"
"6","06.14","88"
"6","06.14","89"
"6","06.14","90"
"6","06.14","91"
"6","06.14","92"
"6","06.14","93"
"6","06.14","94"
"6","06.14","95"
"6","06.14","96"
"6","06.14","97"
"6","06.14","98"
"6","06.14","99"
"6","06.14","100"
"6","06.14","101"
"6","06.14","102"
"6","06.14","103"
"6","06.14","104"
"6","06.14","105"
"6","06.14","106"
"6","06.14","107"
"6","06.14","108"
"6","06.14","109"
"6","06.14","110"
"6","06.14","111"
"6","06.14","112"
"6","06.14","113"
"7","07.15","1"
"7","07.15","2"
"7","07.15","3"
"7","07.15","4"
"7","07.15","5"
"7","07.15","6"
"7","07.15","7"
"7","07.15","8"
"7","07.15","9"
"7","07.15","10"
"7","07.15","11"
"7","07.15","12"
"7","07.15","13"
"7","07.15","14"
"7","07.15","15"
"7","07.15","16"
"7","07.15","17"
"7","07.15","18"
"7","07.15","19"
"7","07.15","20"
"7","07.15","21"
"7","07.15","22"
"7","07.15","23"
"7","07.15","24"
"7","07.15","25"
"7","07.15","26"
"7","07.15","27"
"7","07.15","28"
"7","07.15","29"
"7","07.15","30"
"7","07.15","31"
"7","07.15","32"
"7","07.15","33"
"7","07.15","34"
"7","07.15","35"
"7","07.15","36"
"7","07.15","37"
"7","07.15","38"
"7","07.15","39"
"7","07.15","40"
"7","07.15","41"
"7","07.15","42"
"7","07.15","43"
"8","08.16","1"
"8","08.16","2"
"8","08.16","3"
"8","08.16","4"
"8","08.16","5"
"8","08.16","6"
"8","08.16","7"
"8","08.16","8"
"8","08.16","9"
"8","08.16","10"
"8","08.16","11"
"8","08.16","12"
"8","08.16","13"
"8","08.16","14"
"8","08.16","15"
"8","08.16","16"
"8","08.16","17"
"8","08.16","18"
"8","08.16","19"
"8","08.16","20"
"8","08.16","21"
"8","08.16","22"
"8","08.16","23"
"8","08.16","24"
"8","08.16","25"
"8","08.16","26"
"8","08.16","27"
"8","08.16","28"
"8","08.16","29"
"8","08.16","30"
"8","08.16","31"
"8","08.16","32"
"8","08.16","33"
"8","08.17","34"
"8","08.17","35"
"8","08.17","36"
"8","08.17","37"
"8","08.17","38"
"8","08.17","39"
"8","08.17","40"
"8","08.17","41"
"8","08.17","42"
"8","08.17","43"
"8","08.17","44"
"8","08.17","45"
"8","08.17","46"
"8","08.17","47"
"8","08.17","48"
"8","08.17","49"
"8","08.17","50"
"8","08.17","51"
"8","08.17","52"
"8","08.17","53"
"8","08.17","54"
"9","09.18","1"
"9","09.18","2"
"9","09.18","3"
"9","09.18","4"
"9","09.18","5"
"9","09.18","6"
"9","09.18","7"
"9","09.18","8"
"9","09.18","9"
"9","09.18","10"
"9","09.18","11"
"9","09.18","12"
"9","09.18","13"
"9","09.18","14"
"9","09.18","15"
"9","09.18","16"
"9","09.18","17"
"9","09.18","18"
"9","09.18","19"
"9","09.18","20"
"9","09.18","21"
"9","09.18","22"
"9","09.18","96"
"9","09.19","23"
"9","09.19","24"
"9","09.19","25"
"9","09.19","26"
"9","09.19","27"
"9","09.19","28"
"9","09.19","29"
"9","09.19","30"
"9","09.19","31"
"9","09.19","32"
"9","09.19","33"
"9","09.19","34"
"9","09.19","35"
"9","09.19","36"
"9","09.19","37"
"9","09.19","38"
"9","09.19","39"
"9","09.19","40"
"9","09.19","41"
"9","09.19","93"
"9","09.19","97"
"9","09.20","42"
"9","09.20","43"
"9","09.20","44"
"9","09.20","45"
"9","09.20","46"
"9","09.20","47"
"9","09.20","48"
"9","09.20","49"
"9","09.20","50"
"9","09.20","51"
"9","09.20","52"
"9","09.20","53"
"9","09.20","54"
"9","09.20","55"
"9","09.20","56"
"9","09.20","57"
"9","09.20","58"
"9","09.20","59"
"9","09.20","60"
"9","09.20","61"
"9","09.20","62"
"9","09.20","63"
"9","09.20","64"
"9","09.20","94"
"9","09.20","95"
"9","09.21","65"
"9","09.21","66"
"9","09.21","67"
"9","09.21","68"
"9","09.21","69"
"9","09.21","70"
"9","09.21","71"
"9","09.21","72"
"9","09.21","73"
"9","09.21","74"
"9","09.21","75"
"9","09.21","76"
"9","09.21","77"
"9","09.21","78"
"9","09.21","79"
"9","09.21","80"
"9","09.21","81"
"9","09.21","82"
"9","09.21","83"
"9","09.21","84"
"9","09.21","85"
"9","09.21","86"
"9","09.21","87"
"9","09.21","88"
"9","09.21","89"
"9","09.21","90"
"9","09.21","91"
"9","09.21","92"
"10","10.22","1"
"10","10.22","2"
"10","10.22","3"
"10","10.22","4"
"10","10.22","5"
"10","10.22","6"
"10","10.22","7"
"10","10.22","8"
"10","10.22","9"
"10","10.22","10"
"10","10.22","11"
"10","10.22","12"
"10","10.22","13"
"10","10.22","14"
"10","10.22","15"
"10","10.22","16"
"10","10.22","17"
"10","10.22","18"
"10","10.22","19"
"10","10.22","20"
"10","10.22","21"
"10","10.22","22"
"10","10.22","23"
"10","10.22","107"
"10","10.22","108"
"10","10.22","109"
"10","10.22","110"
"10","10.23","24"
"10","10.23","25"
"10","10.23","26"
"10","10.23","27"
"10","10.23","28"
"10","10.23","29"
"10","10.23","30"
"10","10.23","31"
"10","10.23","32"
"10","10.23","33"
"10","10.23","34"
"10","10.23","35"
"10","10.23","36"
"10","10.23","37"
"10","10.23","38"
"10","10.23","39"
"10","10.23","40"
"10","10.23","41"
"10","10.23","42"
"10","10.23","43"
"10","10.23","44"
"10","10.23","45"
"10","10.23","46"
"10","10.23","47"
"10","10.23","48"
"10","10.23","49"
"10","10.23","50"
"10","10.23","51"
"10","10.23","52"
"10","10.23","53"
"10","10.24","54"
"10","10.24","55"
"10","10.24","56"
"10","10.24","57"
"10","10.24","58"
"10","10.24","59"
"10","10.24","60"
"10","10.24","61"
"10","10.24","62"
"10","10.24","63"
"10","10.24","64"
"10","10.24","65"
"10","10.24","66"
"10","10.24","67"
"10","10.24","68"
"10","10.24","69"
"10","10.24","70"
"10","10.24","72"
"10","10.24","73"
"10","10.24","74"
"10","10.24","75"
"10","10.24","76"
"10","10.24","77"
"10","10.24","78"
"10","10.24","79"
"10","10.24","80"
"10","10.24","81"
"10","10.24","82"
"10","10.24","83"
"10","10.24","84"
"10","10.24","85"
"10","10.25","86"
"10","10.25","87"
"10","10.25","88"
"10","10.25","89"
"10","10.25","90"
"10","10.25","91"
"10","10.25","92"
"10","10.25","93"
"10","10.25","94"
"10","10.25","95"
"10","10.25","96"
"10","10.25","97"
"10","10.25","98"
"10","10.25","99"
"10","10.25","100"
"10","10.25","101"
"10","10.25","102"
"10","10.25","103"
"10","10.25","104"
"10","10.25","105"
"10","10.25","106"
"10","10.25","111"
"11","11.01","11"
"11","11.02","12"
"11","11.03","13"
"11","11.04","14"
"11","11.05","15"
"11","11.05","16"
"11","11.06","17"
"11","11.06","18"
"11","11.06","19"
"11","11.07.01","1"
"11","11.07.01","2"
"11","11.07.01","3"
"11","11.07.01","5"
"11","11.07.01","8"
"11","11.07.02","4"
"11","11.07.02","6"
"11","11.07.02","7"
"11","11.07.02","9"
"11","11.07.02","10"
"11","11.08","20"
"11","11.08","21"
"11","11.08","22"
"11","11.09","23"
"11","11.10","24"
"11","11.11","25"
"11","11.11","26"
"11","11.11","27"
"11","11.12","28"
"11","11.12","29"
"11","11.13","30"
"11","11.13","31"
"11","11.13","32"
"11","11.14","33"
"11","11.14","34"
"11","11.15","35"
"11","11.16","36"
"11","11.17","40"
"11","11.17","41"
"11","11.17","42"
"11","11.17","43"
"11","11.18","44"
"11","11.18","45"
"11","11.18","46"
"11","11.18","50"
"11","11.19","47"
"11","11.19","48"
"11","11.19","49"
"11","11.20","38"
"11","11.20","39"
"11","11.21","37"
"12","12.01","6"
"12","12.01","50"
"12","12.02","7"
"12","12.02","48"
"12","12.03","8"
"12","12.03","9"
"12","12.04","10"
"12","12.04","11"
"12","12.05","12"
"12","12.05","13"
"12","12.06","14"
"12","12.06","15"
"12","12.06","16"
"12","12.07","17"
"12","12.07","18"
"12","12.08","19"
"12","12.08","20"
"12","12.08","21"
"12","12.08","43"
"12","12.09.01","1"
"12","12.09.01","2"
"12","12.09.01","47"
"12","12.09.02","3"
"12","12.09.02","4"
"12","12.09.02","5"
"12","12.09.02","46"
"12","12.10","22"
"12","12.10","23"
"12","12.10","49"
"12","12.11","25"
"12","12.12","26"
"12","12.12","27"
"12","12.13","28"
"12","12.14","29"
"12","12.14","30"
"12","12.15","31"
"12","12.15","32"
"12","12.15","33"
"12","12.16","34"
"12","12.17","35"
"12","12.18","36"
"12","12.18","37"
"12","12.18","38"
"12","12.19","39"
"12","12.20","40"
"12","12.21","41"
"12","12.21","42"
"12","12.21","44"
"12","12.22","24"
"12","12.22","45"
"12","12.23","51"
"13","13.01","1"
"13","13.01","2"
"13","13.01","30"
"13","13.02","9"
"13","13.02","10"
"13","13.02","11"
"13","13.02","35"
"13","13.03","3"
"13","13.03","4"
"13","13.04","27"
"13","13.04","28"
"13","13.04","29"
"13","13.05","12"
"13","13.05","13"
"13","13.06","5"
"13","13.06","31"
"13","13.07","25"
"13","13.07","26"
"13","13.07","34"
"13","13.08","22"
"13","13.08","23"
"13","13.09","6"
"13","13.09","7"
"13","13.09","8"
"13","13.10","17"
"13","13.10","32"
"13","13.11","24"
"13","13.12","18"
"13","13.12","19"
"13","13.12","20"
"13","13.13","21"
"13","13.13","33"
"13","13.14","14"
"13","13.14","15"
"13","13.14","16"
"14","14.01.01","1"
"14","14.01.01","2"
"14","14.01.01","20"
"14","14.01.02","3"
"14","14.01.02","19"
"14","14.02","4"
"14","14.03","14"
"14","14.04","6"
"14","14.05","8"
"14","14.05","9"
"14","14.05","10"
"14","14.06","12"
"14","14.06","13"
"14","14.07","5"
"14","14.08","16"
"14","14.08","17"
"14","14.09","15"
"14","14.09","23"
"14","14.10","18"
"14","14.11","7"
"14","14.11","22"
"14","14.12","11"
"14","14.12","21"
"15","15.01.01","1"
"15","15.01.01","3"
"15","15.01.02","2"
"15","15.01.02","30"
"15","15.02","28"
"15","15.03","25"
"15","15.03","26"
"15","15.03","27"
"15","15.03","33"
"15","15.04","16"
"15","15.04","17"
"15","15.05","24"
"15","15.06","10"
"15","15.06","11"
"15","15.07","18"
"15","15.07","19"
"15","15.07","20"
"15","15.07","21"
"15","15.07","22"
"15","15.07","35"
"15","15.07","36"
"15","15.08","14"
"15","15.08","15"
"15","15.09","29"
"15","15.09","34"
"15","15.10","4"
"15","15.11","6"
"15","15.11","7"
"15","15.12","12"
"15","15.12","13"
"15","15.12","37"
"15","15.13","23"
"15","15.14","5"
"15","15.14","31"
"15","15.15","8"
"15","15.15","9"
"15","15.15","32"
"16","16.01.01","1"
"16","16.01.01","2"
"16","16.01.01","3"
"16","16.01.02","4"
"16","16.01.02","5"
"16","16.01.02","29"
"16","16.02","6"
"16","16.03","7"
"16","16.04","8"
"16","16.04","9"
"16","16.04","10"
"16","16.04","11"
"16","16.04","12"
"16","16.05","13"
"16","16.05","14"
"16","16.05","15"
"16","16.05","30"
"16","16.06","16"
"16","16.06","17"
"16","16.06","18"
"16","16.07","19"
"16","16.07","20"
"16","16.08","21"
"16","16.08","22"
"16","16.08","23"
"16","16.09","24"
"16","16.10","25"
"16","16.10","26"
"16","16.11","27"
"16","16.11","28"
"17","17.01.01","1"
"17","17.01.01","2"
"17","17.01.01","3"
"17","17.01.01","4"
"17","17.01.01","5"
"17","17.01.01","44"
"17","17.01.02","6"
"17","17.01.02","7"
"17","17.01.02","8"
"17","17.01.02","9"
"17","17.01.02","14"
"17","17.01.02","15"
"17","17.01.02","45"
"17","17.01.02","52"
"17","17.02","10"
"17","17.02","11"
"17","17.02","12"
"17","17.02","13"
"17","17.02","46"
"17","17.03","16"
"17","17.04","17"
"17","17.04","18"
"17","17.05","19"
"17","17.06","20"
"17","17.06","51"
"17","17.07","21"
"17","17.07","22"
"17","17.07","53"
"17","17.08","23"
"17","17.08","48"
"17","17.09","24"
"17","17.09","25"
"17","17.09","49"
"17","17.10","26"
"17","17.10","27"
"17","17.10","50"
"17","17.11","28"
"17","17.11","43"
"17","17.12","29"
"17","17.12","31"
"17","17.13","32"
"17","17.13","33"
"17","17.13","34"
"17","17.14","35"
"17","17.14","36"
"17","17.15","37"
"17","17.15","38"
"17","17.15","39"
"17","17.15","54"
"17","17.16","40"
"17","17.16","47"
"17","17.17","41"
"17","17.17","42"
"17","17.18","30"
"18","18.01.01","1"
"18","18.01.01","3"
"18","18.01.01","4"
"18","18.01.02","2"
"18","18.01.02","25"
"18","18.02","5"
"18","18.02","26"
"18","18.03","6"
"18","18.03","7"
"18","18.03","27"
"18","18.04","8"
"18","18.04","24"
"18","18.05","9"
"18","18.05","16"
"18","18.06","10"
"18","18.07","11"
"18","18.07","12"
"18","18.07","28"
"18","18.08","13"
"18","18.09","14"
"18","18.10","15"
"18","18.11","17"
"18","18.12","18"
"18","18.12","19"
"18","18.13","20"
"18","18.13","21"
"18","18.13","29"
"18","18.14","22"
"18","18.15","23"
"19","19.01","1"
"19","19.01","2"
"19","19.01","20"
"19","19.02","3"
"19","19.02","4"
"19","19.02","5"
"19","19.03","6"
"19","19.03","7"
"19","19.04","8"
"19","19.05","9"
"19","19.05","10"
"19","19.06","11"
"19","19.07","12"
"19","19.08","13"
"19","19.08","14"
"19","19.08","15"
"19","19.09","16"
"19","19.10","17"
"19","19.11","18"
"19","19.12","19"
"20","20.01","16"
"20","20.01","17"
"20","20.01","18"
"20","20.02","9"
"20","20.02","10"
"20","20.02","11"
"20","20.02","12"
"20","20.02","13"
"20","20.02","14"
"20","20.02","15"
"20","20.03","1"
"20","20.03","2"
"20","20.03","3"
"20","20.03","4"
"20","20.03","5"
"20","20.03","6"
"20","20.03","7"
"20","20.03","8"
"20","20.04","75"
"20","20.04","76"
"20","20.04","77"
"20","20.04","78"
"20","20.04","79"
"20","20.04","80"
"20","20.04","81"
"20","20.04","82"
"20","20.04","83"
"20","20.04","84"
"20","20.05","19"
"20","20.05","20"
"20","20.05","21"
"20","20.05","22"
"20","20.05","23"
"20","20.05","24"
"20","20.05","25"
"20","20.05","26"
"20","20.05","27"
"20","20.05","28"
"20","20.06","65"
"20","20.06","66"
"20","20.06","67"
"20","20.06","68"
"20","20.06","69"
"20","20.06","70"
"20","20.06","71"
"20","20.06","72"
"20","20.06","73"
"20","20.06","74"
"20","20.07","29"
"20","20.07","30"
"20","20.07","31"
"20","20.07","32"
"20","20.07","33"
"20","20.07","34"
"20","20.07","35"
"20","20.07","36"
"20","20.07","37"
"20","20.07","38"
"20","20.07","39"
"20","20.07","40"
"20","20.08","48"
"20","20.08","49"
"20","20.08","50"
"20","20.08","51"
"20","20.08","52"
"20","20.08","53"
"20","20.08","54"
"20","20.08","55"
"20","20.08","56"
"20","20.09","41"
"20","20.09","42"
"20","20.09","43"
"20","20.09","44"
"20","20.09","45"
"20","20.09","46"
"20","20.09","47"
"20","20.10","57"
"20","20.10","58"
"20","20.10","59"
"20","20.10","60"
"20","20.10","61"
"20","20.10","62"
"20","20.10","63"
"20","20.10","64"
"21","21.01.01","1"
"21","21.01.01","2"
"21","21.01.01","3"
"21","21.01.02","5"
"21","21.01.02","7"
"21","21.01.02","8"
"21","21.01.03","4"
"21","21.01.03","6"
"21","21.01.03","9"
"21","21.01.03","62"
"21","21.02","10"
"21","21.02","11"
"21","21.02","12"
"21","21.03","13"
"21","21.04","14"
"21","21.04","15"
"21","21.04","16"
"21","21.05","17"
"21","21.05","18"
"21","21.05","19"
"21","21.05","20"
"21","21.06","21"
"21","21.06","22"
"21","21.07","23"
"21","21.07","24"
"21","21.08","25"
"21","21.08","26"
"21","21.08","27"
"21","21.09","28"
"21","21.09","29"
"21","21.10","30"
"21","21.10","31"
"21","21.10","32"
"21","21.11","33"
"21","21.11","34"
"21","21.11","35"
"21","21.11","36"
"21","21.11","37"
"21","21.11","38"
"21","21.11","39"
"21","21.11","63"
"21","21.12","40"
"21","21.12","41"
"21","21.12","42"
"21","21.13","43"
"21","21.13","44"
"21","21.13","45"
"21","21.14","46"
"21","21.14","47"
"21","21.14","48"
"21","21.14","49"
"21","21.14","50"
"21","21.14","51"
"21","21.15","52"
"21","21.15","53"
"21","21.15","54"
"21","21.16","55"
"21","21.16","56"
"21","21.17","57"
"21","21.18","58"
"21","21.18","59"
"21","21.19","60"
"21","21.19","61"
"22","22.01.01","1"
"22","22.01.01","6"
"22","22.01.01","64"
"22","22.01.01","66"
"22","22.01.01","86"
"22","22.01.02","2"
"22","22.01.02","3"
"22","22.01.02","4"
"22","22.01.02","5"
"22","22.01.02","85"
"22","22.01.03","7"
"22","22.01.03","65"
"22","22.01.03","67"
"22","22.01.03","68"
"22","22.01.03","69"
"22","22.02","8"
"22","22.02","9"
"22","22.02","71"
"22","22.02","87"
"22","22.03","10"
"22","22.03","11"
"22","22.03","12"
"22","22.03","13"
"22","22.03","14"
"22","22.03","15"
"22","22.03","72"
"22","22.03","73"
"22","22.04","16"
"22","22.04","17"
"22","22.05","18"
"22","22.05","19"
"22","22.05","20"
"22","22.05","74"
"22","22.06","21"
"22","22.06","75"
"22","22.07","22"
"22","22.07","23"
"22","22.07","24"
"22","22.07","25"
"22","22.07","76"
"22","22.07","77"
"22","22.08","26"
"22","22.08","27"
"22","22.08","78"
"22","22.09","28"
"22","22.10","29"
"22","22.10","30"
"22","22.10","31"
"22","22.10","32"
"22","22.10","33"
"22","22.10","79"
"22","22.10","88"
"22","22.11","34"
"22","22.11","35"
"22","22.11","36"
"22","22.11","37"
"22","22.11","38"
"22","22.11","39"
"22","22.11","80"
"22","22.12","40"
"22","22.12","41"
"22","22.12","42"
"22","22.12","81"
"22","22.13","43"
"22","22.13","44"
"22","22.13","45"
"22","22.13","46"
"22","22.13","47"
"22","22.13","82"
"22","22.14","48"
"22","22.14","49"
"22","22.14","50"
"22","22.14","83"
"22","22.14","89"
"22","22.15","51"
"22","22.15","52"
"22","22.15","53"
"22","22.15","54"
"22","22.15","90"
"22","22.16","55"
"22","22.16","56"
"22","22.16","57"
"22","22.16","58"
"22","22.16","59"
"22","22.16","84"
"22","22.17","60"
"22","22.18","61"
"22","22.18","62"
"22","22.18","63"
"23","23.01.01","1"
"23","23.01.01","2"
"23","23.01.01","3"
"23","23.01.01","61"
"23","23.01.02","4"
"23","23.01.02","5"
"23","23.01.02","6"
"23","23.01.02","7"
"23","23.02","8"
"23","23.02","9"
"23","23.02","10"
"23","23.02","62"
"23","23.03","11"
"23","23.03","12"
"23","23.03","13"
"23","23.03","14"
"23","23.04","15"
"23","23.04","16"
"23","23.04","17"
"23","23.04","18"
"23","23.04","19"
"23","23.04","20"
"23","23.04","21"
"23","23.05","22"
"23","23.05","23"
"23","23.05","24"
"23","23.05","25"
"23","23.06","26"
"23","23.06","27"
"23","23.06","28"
"23","23.06","29"
"23","23.07","30"
"23","23.07","31"
"23","23.07","32"
"23","23.07","33"
"23","23.08","34"
"23","23.08","35"
"23","23.08","36"
"23","23.08","37"
"23","23.08","38"
"23","23.08","39"
"23","23.08","40"
"23","23.09","41"
"23","23.09","42"
"23","23.10","43"
"23","23.10","44"
"23","23.10","45"
"23","23.10","46"
"23","23.11","47"
"23","23.11","48"
"23","23.11","49"
"23","23.11","50"
"23","23.11","51"
"23","23.12","52"
"23","23.13","53"
"23","23.13","54"
"23","23.13","55"
"23","23.13","56"
"23","23.14","57"
"23","23.14","58"
"23","23.14","59"
"23","23.14","60"
"24","24.01","1"
"24","24.01","2"
"24","24.01","48"
"24","24.02","3"
"24","24.02","4"
"24","24.02","5"
"24","24.02","6"
"24","24.02","7"
"24","24.03","8"
"24","24.03","9"
"24","24.03","10"
"24","24.04","11"
"24","24.04","12"
"24","24.04","27"
"24","24.05","13"
"24","24.05","14"
"24","24.05","15"
"24","24.06","16"
"24","24.06","17"
"24","24.06","18"
"24","24.06","49"
"24","24.07","19"
"24","24.07","20"
"24","24.07","21"
"24","24.08","22"
"24","24.08","50"
"24","24.09","23"
"24","24.09","24"
"24","24.09","25"
"24","24.10","26"
"24","24.10","28"
"24","24.10","29"
"24","24.10","30"
"24","24.10","31"
"24","24.11","32"
"24","24.12","33"
"24","24.12","34"
"24","24.13","35"
"24","24.14","36"
"24","24.14","37"
"24","24.14","38"
"24","24.14","39"
"24","24.14","40"
"24","24.15","41"
"24","24.15","42"
"24","24.15","43"
"24","24.15","44"
"24","24.15","45"
"24","24.16","46"
"24","24.16","47"
"25","25.01","1"
"25","25.01","2"
"25","25.01","3"
"25","25.01","4"
"25","25.02","11"
"25","25.02","12"
"25","25.03","8"
"25","25.03","9"
"25","25.04","37"
"25","25.05","28"
"25","25.06","20"
"25","25.06","21"
"25","25.07","5"
"25","25.07","6"
"25","25.07","7"
"25","25.08","39"
"25","25.09","16"
"25","25.09","17"
"25","25.09","18"
"25","25.09","19"
"25","25.10","13"
"25","25.10","14"
"25","25.10","15"
"25","25.11","36"
"25","25.12","38"
"25","25.13","30"
"25","25.14","25"
"25","25.15","10"
"25","25.16","26"
"25","25.17","22"
"25","25.18","29"
"25","25.19","43"
"25","25.20","34"
"25","25.21","31"
"25","25.22","27"
"25","25.23","33"
"25","25.24","35"
"25","25.25","40"
"25","25.26","41"
"25","25.27","42"
"25","25.28","45"
"25","25.29","23"
"25","25.29","24"
"25","25.30","32"
"26","26.01","1"
"26","26.01","2"
"26","26.01","3"
"26","26.01","4"
"26","26.02","5"
"26","26.02","6"
"26","26.02","7"
"26","26.03","14"
"26","26.03","15"
"26","26.03","16"
"26","26.04","24"
"26","26.05","35"
"26","26.06","10"
"26","26.06","11"
"26","26.06","12"
"26","26.06","13"
"26","26.07","21"
"26","26.08","27"
"26","26.08","28"
"26","26.09","25"
"26","26.10","37"
"26","26.11","33"
"26","26.11","34"
"26","26.12","32"
"26","26.13","8"
"26","26.13","9"
"26","26.13","40"
"26","26.14","26"
"26","26.15","38"
"26","26.15","39"
"26","26.16","36"
"26","26.17","20"
"26","26.18","22"
"26","26.18","23"
"26","26.18","41"
"26","26.19","29"
"26","26.19","30"
"26","26.19","31"
"26","26.20","17"
"26","26.20","18"
"26","26.20","19"
"27","27.01.01","1"
"27","27.01.01","5"
"27","27.01.01","6"
"27","27.01.02","2"
"27","27.01.02","3"
"27","27.01.02","4"
"27","27.02","7"
"27","27.02","8"
"27","27.03","12"
"27","27.03","13"
"27","27.04","9"
"27","27.05","14"
"27","27.05","15"
"27","27.05","16"
"27","27.05","17"
"27","27.05","18"
"27","27.05","44"
"27","27.06","19"
"27","27.06","20"
"27","27.07","21"
"27","27.07","22"
"27","27.07","23"
"27","27.07","24"
"27","27.07","25"
"27","27.07","42"
"27","27.08","26"
"27","27.08","27"
"27","27.08","28"
"27","27.08","29"
"27","27.08","30"
"27","27.09","10"
"27","27.09","11"
"27","27.09","39"
"27","27.09","40"
"27","27.09","41"
"27","27.09","43"
"27","27.09","45"
"27","27.10","31"
"27","27.10","32"
"27","27.11","33"
"27","27.11","34"
"27","27.11","35"
"27","27.12","36"
"27","27.13","37"
"27","27.13","38"
"28","28.01.01","1"
"28","28.01.01","49"
"28","28.01.02","2"
"28","28.01.02","3"
"28","28.02","4"
"28","28.02","5"
"28","28.02","6"
"28","28.02","47"
"28","28.02","53"
"28","28.03","7"
"28","28.03","8"
"28","28.04","9"
"28","28.04","10"
"28","28.04","11"
"28","28.05","12"
"28","28.05","13"
"28","28.05","14"
"28","28.05","28"
"28","28.05","44"
"28","28.06","15"
"28","28.07","16"
"28","28.07","17"
"28","28.08","18"
"28","28.08","48"
"28","28.09","19"
"28","28.09","20"
"28","28.10","21"
"28","28.10","22"
"28","28.10","24"
"28","28.10","25"
"28","28.10","26"
"28","28.10","50"
"28","28.11","27"
"28","28.12","29"
"28","28.12","30"
"28","28.12","31"
"28","28.12","32"
"28","28.12","33"
"28","28.13","34"
"28","28.14","35"
"28","28.15","36"
"28","28.15","37"
"28","28.15","38"
"28","28.16","39"
"28","28.16","40"
"28","28.16","45"
"28","28.16","46"
"28","28.17","41"
"28","28.17","42"
"28","28.18","43"
"29","29.01","1"
"29","29.01","2"
"29","29.02","3"
"29","29.02","4"
"29","29.03","5"
"29","29.03","6"
"29","29.04","7"
"29","29.04","8"
"29","29.05","9"
"29","29.06","10"
"30","30.01.01","1"
"30","30.01.01","32"
"30","30.01.01","33"
"30","30.01.02","2"
"30","30.01.02","4"
"30","30.01.02","35"
"30","30.01.03","3"
"30","30.01.03","5"
"30","30.01.03","6"
"30","30.01.03","34"
"30","30.02","7"
"30","30.02","8"
"30","30.03","9"
"30","30.03","10"
"30","30.04","11"
"30","30.05","12"
"30","30.06","13"
"30","30.06","14"
"30","30.06","36"
"30","30.07","15"
"30","30.08","16"
"30","30.09","17"
"30","30.09","18"
"30","30.10","19"
"30","30.10","20"
"30","30.11","21"
"30","30.12","22"
"30","30.12","23"
"30","30.12","37"
"30","30.13","24"
"30","30.13","25"
"30","30.13","26"
"30","30.13","27"
"30","30.14","28"
"30","30.15","29"
"30","30.15","38"
"30","30.16","30"
"30","30.17","31"
"32","32.01.01","1"
"32","32.01.01","2"
"32","32.01.01","3"
"32","32.01.01","4"
"32","32.01.01","5"
"32","32.01.02","6"
"32","32.01.02","7"
"32","32.01.02","8"
"32","32.01.02","10"
"32","32.01.02","11"
"32","32.01.02","80"
"32","32.01.02","81"
"32","32.01.03","9"
"32","32.01.03","12"
"32","32.01.03","13"
"32","32.01.03","14"
"32","32.01.03","82"
"32","32.01.03","95"
"32","32.01.03","101"
"32","32.01.04","15"
"32","32.01.04","16"
"32","32.01.04","17"
"32","32.01.04","18"
"32","32.01.04","83"
"32","32.01.04","85"
"32","32.01.05","19"
"32","32.01.05","20"
"32","32.01.05","21"
"32","32.01.05","22"
"32","32.01.05","23"
"32","32.01.05","84"
"32","32.01.05","96"
"32","32.02","25"
"32","32.02","26"
"32","32.02","27"
"32","32.02","87"
"32","32.03","28"
"32","32.03","29"
"32","32.03","30"
"32","32.03","31"
"32","32.04","32"
"32","32.04","33"
"32","32.04","34"
"32","32.04","35"
"32","32.04","88"
"32","32.04","97"
"32","32.04","102"
"32","32.05","36"
"32","32.05","37"
"32","32.06","38"
"32","32.06","39"
"32","32.07","40"
"32","32.07","41"
"32","32.07","42"
"32","32.07","43"
"32","32.07","103"
"32","32.08","44"
"32","32.08","45"
"32","32.08","46"
"32","32.08","47"
"32","32.09","48"
"32","32.09","49"
"32","32.09","50"
"32","32.09","98"
"32","32.09","100"
"32","32.10","51"
"32","32.10","52"
"32","32.10","53"
"32","32.11","54"
"32","32.11","55"
"32","32.11","56"
"32","32.11","57"
"32","32.11","86"
"32","32.11","89"
"32","32.12","58"
"32","32.12","99"
"32","32.13","59"
"32","32.13","60"
"32","32.13","104"
"32","32.14","61"
"32","32.14","90"
"32","32.15","62"
"32","32.15","63"
"32","32.15","91"
"32","32.16","64"
"32","32.16","65"
"32","32.16","66"
"32","32.16","92"
"32","32.16","93"
"32","32.17","67"
"32","32.17","68"
"32","32.18","69"
"32","32.18","70"
"32","32.18","105"
"32","32.18","106"
"32","32.19","71"
"32","32.19","72"
"32","32.19","73"
"32","32.19","74"
"32","32.19","94"
"32","32.20","75"
"32","32.20","76"
"32","32.20","77"
"32","32.21","78"
"32","32.21","79"
"33","33.01.01","1"
"33","33.01.01","2"
"33","33.01.02","3"
"33","33.01.02","34"
"33","33.01.02","39"
"33","33.02","4"
"33","33.02","5"
"33","33.02","6"
"33","33.02","36"
"33","33.02","38"
"33","33.03","7"
"33","33.04","8"
"33","33.05","9"
"33","33.05","40"
"33","33.06","10"
"33","33.06","11"
"33","33.07","12"
"33","33.07","13"
"33","33.07","14"
"33","33.08","15"
"33","33.08","16"
"33","33.08","17"
"33","33.09","18"
"33","33.10","19"
"33","33.10","35"
"33","33.11","20"
"33","33.11","21"
"33","33.11","22"
"33","33.12","23"
"33","33.12","24"
"33","33.13","25"
"33","33.13","37"
"33","33.14","26"
"33","33.14","41"
"33","33.15","27"
"33","33.15","28"
"33","33.15","29"
"33","33.16","30"
"33","33.17","31"
"35","35.01.01","2"
"35","35.01.01","3"
"35","35.01.01","4"
"35","35.01.01","5"
"35","35.01.01","44"
"35","35.01.02","1"
"35","35.01.02","6"
"35","35.01.02","10"
"35","35.01.02","14"
"35","35.01.02","43"
"35","35.01.03","7"
"35","35.01.03","8"
"35","35.01.03","9"
"35","35.01.03","11"
"35","35.01.03","45"
"35","35.01.03","46"
"35","35.01.04","12"
"35","35.01.04","13"
"35","35.01.04","42"
"35","35.01.04","49"
"35","35.01.04","50"
"35","35.02","16"
"35","35.02","17"
"35","35.02","18"
"35","35.02","19"
"35","35.02","20"
"35","35.02","21"
"35","35.02","22"
"35","35.02","47"
"35","35.03","23"
"35","35.03","24"
"35","35.03","25"
"35","35.03","51"
"35","35.04","26"
"35","35.04","27"
"35","35.04","28"
"35","35.05","29"
"35","35.05","48"
"35","35.06","30"
"35","35.06","31"
"35","35.07","32"
"35","35.07","33"
"35","35.07","34"
"35","35.08","35"
"35","35.09","36"
"35","35.09","52"
"35","35.10","37"
"35","35.10","38"
"35","35.11","39"
"35","35.11","40"
"35","35.12","41"
"35","35.13","15"
"36","36.01.01","1"
"36","36.01.01","2"
"36","36.01.01","3"
"36","36.01.01","28"
"36","36.01.02","4"
"36","36.01.02","6"
"36","36.01.02","7"
"36","36.01.02","26"
"36","36.01.02","27"
"36","36.01.03","5"
"36","36.01.03","8"
"36","36.01.03","9"
"36","36.01.03","25"
"36","36.02","10"
"36","36.02","30"
"36","36.03","11"
"36","36.03","12"
"36","36.03","29"
"36","36.04","13"
"36","36.05","14"
"36","36.08","15"
"36","36.08","16"
"36","36.09","17"
"36","36.09","24"
"36","36.10","18"
"36","36.11","19"
"36","36.12","20"
"36","36.12","21"
"36","36.12","22"
"36","36.13","23"
"37","37.01.01","4"
"37","37.01.01","5"
"37","37.01.01","6"
"37","37.01.01","32"
"37","37.01.02","3"
"37","37.01.02","7"
"37","37.01.02","8"
"37","37.01.02","30"
"37","37.01.02","31"
"37","37.01.03","1"
"37","37.01.03","2"
"37","37.01.03","28"
"37","37.01.03","29"
"37","37.02","9"
"37","37.02","10"
"37","37.02","11"
"37","37.02","33"
"37","37.03","12"
"37","37.04","13"
"37","37.05","14"
"37","37.05","35"
"37","37.06","15"
"37","37.07","16"
"37","37.08","17"
"37","37.09","18"
"37","37.10","19"
"37","37.11","20"
"37","37.12","21"
"37","37.12","34"
"37","37.13","22"
"37","37.14","23"
"37","37.15","24"
"37","37.15","25"
"37","37.15","26"
"37","37.16","27"
"38","38.01","1"
"38","38.02","2"
"38","38.03","3"
"38","38.04","4"
"38","38.05","5"
"38","38.06","6"
"38","38.07","7"
"38","38.07","18"
"38","38.08","8"
"38","38.09","9"
"38","38.10","10"
"38","38.11","11"
"38","38.11","17"
"38","38.12","12"
"38","38.12","16"
"38","38.13","13"
"38","38.14","14"
"38","38.15","15"
"39","39.01","1"
"39","39.01","2"
"39","39.01","23"
"39","39.02","3"
"39","39.03","4"
"39","39.04","5"
"39","39.04","6"
"39","39.05","7"
"39","39.05","8"
"39","39.06","9"
"39","39.06","10"
"39","39.06","11"
"39","39.07","12"
"39","39.08","13"
"39","39.08","14"
"39","39.09","15"
"39","39.10","16"
"39","39.10","17"
"39","39.11","18"
"39","39.11","19"
"39","39.12","20"
"39","39.12","21"
"39","39.12","22"
"40","40.01.01","1"
"40","40.01.01","2"
"40","40.01.01","66"
"40","40.01.02","3"
"40","40.01.02","4"
"40","40.01.02","67"
"40","40.01.02","70"
"40","40.02","5"
"40","40.02","6"
"40","40.02","7"
"40","40.02","8"
"40","40.03","9"
"40","40.03","10"
"40","40.03","11"
"40","40.04","12"
"40","40.04","13"
"40","40.04","14"
"40","40.04","15"
"40","40.04","16"
"40","40.05","17"
"40","40.05","18"
"40","40.05","19"
"40","40.05","20"
"40","40.05","21"
"40","40.06","22"
"40","40.06","23"
"40","40.07","24"
"40","40.07","68"
"40","40.08","25"
"40","40.08","26"
"40","40.08","27"
"40","40.09","28"
"40","40.09","29"
"40","40.09","30"
"40","40.09","31"
"40","40.09","32"
"40","40.09","33"
"40","40.10","34"
"40","40.10","35"
"40","40.10","36"
"40","40.10","37"
"40","40.10","38"
"40","40.10","39"
"40","40.11","40"
"40","40.11","41"
"40","40.12","42"
"40","40.13","43"
"40","40.13","44"
"40","40.13","45"
"40","40.13","46"
"40","40.13","47"
"40","40.13","48"
"40","40.14","49"
"40","40.14","50"
"40","40.14","69"
"40","40.15","51"
"40","40.15","52"
"40","40.15","53"
"40","40.16","54"
"40","40.17","55"
"40","40.17","56"
"40","40.17","57"
"40","40.17","58"
"40","40.18","59"
"40","40.19","60"
"40","40.20","61"
"40","40.21","62"
"40","40.22","63"
"40","40.22","64"
"40","40.22","65"
"41","41.01.01","1"
"41","41.01.01","2"
"41","41.01.02","3"
"41","41.01.02","37"
"41","41.02","4"
"41","41.02","5"
"41","41.02","6"
"41","41.03","7"
"41","41.03","8"
"41","41.03","9"
"41","41.03","10"
"41","41.03","11"
"41","41.04","12"
"41","41.04","13"
"41","41.04","14"
"41","41.04","15"
"41","41.04","16"
"41","41.04","17"
"41","41.05","18"
"41","41.05","19"
"41","41.05","20"
"41","41.06","21"
"41","41.06","22"
"41","41.06","23"
"41","41.06","24"
"41","41.06","35"
"41","41.07","25"
"41","41.07","26"
"41","41.07","27"
"41","41.07","28"
"41","41.08","29"
"41","41.08","30"
"41","41.08","31"
"41","41.09","32"
"41","41.09","33"
"41","41.10","34"
"41","41.10","36"
"43","43.01","1"
"43","43.01","2"
"43","43.02","3"
"43","43.03","4"
"43","43.04","5"
"43","43.05","6"
"43","43.06","7"
"43","43.07","8"
"43","43.08","9"
"43","43.09","10"
"43","43.10","11"
"43","43.10","12"
"43","43.11","13"
"43","43.11","14"
"43","43.12","15"
"43","43.13","16"
"43","43.14","17"
"43","43.14","18"
"43","43.15","19"
"43","43.16","20"
"43","43.17","21"
"43","43.17","22"
"43","43.18","23"
"44","44.01","5"
"44","44.01","37"
"44","44.02","24"
"44","44.02","25"
"44","44.02","26"
"44","44.03","9"
"44","44.03","10"
"44","44.04","22"
"44","44.04","23"
"44","44.05","6"
"44","44.05","7"
"44","44.06","1"
"44","44.06","2"
"44","44.07","16"
"44","44.07","17"
"44","44.07","18"
"44","44.08","14"
"44","44.08","15"
"44","44.09","19"
"44","44.09","20"
"44","44.09","21"
"44","44.10","8"
"44","44.11","33"
"44","44.11","34"
"44","44.12","35"
"44","44.12","36"
"44","44.13","3"
"44","44.14","12"
"44","44.14","13"
"44","44.15","30"
"44","44.15","31"
"44","44.16","32"
"44","44.17","27"
"44","44.17","28"
"44","44.17","29"
"44","44.18","4"
"44","44.19","11"
"45","45.01","1"
"45","45.01","37"
"45","45.02","2"
"45","45.02","3"
"45","45.02","4"
"45","45.03","5"
"45","45.04","6"
"45","45.04","7"
"45","45.04","41"
"45","45.05","8"
"45","45.05","9"
"45","45.05","10"
"45","45.06","11"
"45","45.06","12"
"45","45.06","13"
"45","45.06","39"
"45","45.07","14"
"45","45.07","40"
"45","45.08","15"
"45","45.09","16"
"45","45.09","17"
"45","45.09","18"
"45","45.09","19"
"45","45.10","20"
"45","45.10","21"
"45","45.11","22"
"45","45.11","23"
"45","45.11","33"
"45","45.11","36"
"45","45.12","24"
"45","45.12","32"
"45","45.13","25"
"45","45.13","34"
"45","45.13","35"
"45","45.14","26"
"45","45.14","27"
"45","45.14","28"
"45","45.15","29"
"45","45.15","30"
"45","45.16","31"
"45","45.16","38"
"46","46.01","1"
"46","46.01","2"
"46","46.01","17"
"46","46.02","12"
"46","46.02","13"
"46","46.02","23"
"46","46.03","3"
"46","46.03","4"
"46","46.03","21"
"46","46.04","14"
"46","46.04","15"
"46","46.04","19"
"46","46.04","20"
"46","46.05","9"
"46","46.05","10"
"46","46.05","11"
"46","46.06","16"
"46","46.07","7"
"46","46.07","8"
"46","46.07","18"
"46","46.07","22"
"46","46.08","5"
"46","46.08","6"
"47","47.01","1"
"47","47.01","2"
"47","47.02","3"
"47","47.02","4"
"47","47.02","5"
"47","47.02","27"
"47","47.03","6"
"47","47.03","7"
"47","47.03","8"
"47","47.03","9"
"47","47.03","10"
"47","47.04","11"
"47","47.04","12"
"47","47.05","13"
"47","47.06","14"
"47","47.06","15"
"47","47.06","16"
"47","47.07","17"
"47","47.07","18"
"47","47.07","19"
"47","47.08","20"
"47","47.08","21"
"47","47.09","22"
"47","47.09","23"
"47","47.09","24"
"47","47.09","25"
"47","47.10","26"
"47","47.11","28"
"47","47.12","29"
"47","47.12","31"
"47","47.13","32"
"47","47.13","33"
"47","47.14","34"
"47","47.14","35"
"47","47.15","36"
"47","47.15","37"
"47","47.16","30"
"47","47.16","38"
"47","47.16","39"
"47","47.16","40"
"48","48.01","1"
"48","48.01","2"
"48","48.02","3"
"48","48.03","4"
"48","48.03","5"
"48","48.03","6"
"48","48.03","7"
"48","48.04","8"
"48","48.05","9"
"48","48.06","10"
"48","48.07","11"
"48","48.07","12"
"48","48.07","35"
"48","48.08","13"
"48","48.09","14"
"48","48.09","15"
"48","48.09","16"
"48","48.10","17"
"48","48.10","18"
"48","48.10","19"
"48","48.11","20"
"48","48.12","21"
"48","48.12","22"
"48","48.13","23"
"48","48.13","24"
"48","48.13","25"
"48","48.13","34"
"48","48.14","26"
"48","48.14","36"
"48","48.15","27"
"48","48.16","28"
"48","48.17","29"
"48","48.18","30"
"48","48.19","31"
"48","48.20","32"
"48","48.20","33"
"48","48.20","37"
"49","49.01.01","1"
"49","49.01.01","2"
"49","49.01.02","3"
"49","49.01.02","26"
"49","49.02","4"
"49","49.02","5"
"49","49.03","6"
"49","49.04","7"
"49","49.04","30"
"49","49.05","8"
"49","49.06","9"
"49","49.06","10"
"49","49.07","11"
"49","49.08","15"
"49","49.08","16"
"49","49.09","17"
"49","49.09","33"
"49","49.10","18"
"49","49.11","19"
"49","49.11","27"
"49","49.12","12"
"49","49.12","13"
"49","49.12","29"
"49","49.13","14"
"49","49.14","20"
"49","49.14","28"
"49","49.15","21"
"49","49.15","31"
"49","49.16","22"
"49","49.16","32"
"49","49.17","23"
"49","49.18","24"
"49","49.19","25"
"50","50.01.01","1"
"50","50.01.01","4"
"50","50.01.01","5"
"50","50.01.02","2"
"50","50.01.02","3"
"50","50.01.02","6"
"50","50.02","7"
"50","50.02","8"
"50","50.02","9"
"50","50.02","10"
"50","50.02","11"
"50","50.02","12"
"50","50.02","13"
"50","50.02","14"
"50","50.02","54"
"50","50.02","57"
"50","50.03","15"
"50","50.03","16"
"50","50.04","17"
"50","50.04","18"
"50","50.04","19"
"50","50.04","20"
"50","50.04","21"
"50","50.04","22"
"50","50.04","56"
"50","50.05","23"
"50","50.05","24"
"50","50.05","25"
"50","50.06","26"
"50","50.06","27"
"50","50.06","28"
"50","50.06","29"
"50","50.06","30"
"50","50.07","31"
"50","50.07","32"
"50","50.07","33"
"50","50.07","55"
"50","50.08","34"
"50","50.08","35"
"50","50.09","36"
"50","50.09","37"
"50","50.09","38"
"50","50.09","39"
"50","50.10","40"
"50","50.10","41"
"50","50.11","42"
"50","50.11","43"
"50","50.11","44"
"50","50.11","45"
"50","50.11","46"
"50","50.11","47"
"50","50.12","48"
"50","50.12","49"
"50","50.12","50"
"50","50.13","51"
"50","50.13","52"
"50","50.13","53"
"51","51.01.01","4"
"51","51.01.01","5"
"51","51.01.01","6"
"51","51.01.01","7"
"51","51.01.01","8"
"51","51.01.01","42"
"51","51.01.01","47"
"51","51.01.02","1"
"51","51.01.02","2"
"51","51.01.02","3"
"51","51.01.02","45"
"51","51.01.03","9"
"51","51.01.03","10"
"51","51.01.03","43"
"51","51.01.03","46"
"51","51.01.03","48"
"51","51.02","11"
"51","51.03","12"
"51","51.04","13"
"51","51.04","49"
"51","51.05","14"
"51","51.05","44"
"51","51.06","15"
"51","51.06","52"
"51","51.07","16"
"51","51.08","17"
"51","51.08","18"
"51","51.09","19"
"51","51.09","20"
"51","51.09","21"
"51","51.10","22"
"51","51.10","23"
"51","51.10","24"
"51","51.10","25"
"51","51.11","26"
"51","51.11","27"
"51","51.12","28"
"51","51.12","29"
"51","51.13","30"
"51","51.13","31"
"51","51.14","32"
"51","51.14","53"
"51","51.15","33"
"51","51.15","34"
"51","51.15","35"
"51","51.16","36"
"51","51.16","37"
"51","51.16","38"
"51","51.16","50"
"51","51.17","39"
"51","51.18","40"
"51","51.18","51"
"51","51.19","41"
"52","52.01.01","1"
"52","52.01.01","2"
"52","52.01.02","3"
"52","52.01.02","23"
"52","52.02","12"
"52","52.02","13"
"52","52.02","24"
"52","52.02","30"
"52","52.03","9"
"52","52.03","10"
"52","52.04","19"
"52","52.04","20"
"52","52.05","15"
"52","52.06","16"
"52","52.06","17"
"52","52.06","18"
"52","52.07","14"
"52","52.07","28"
"52","52.08","11"
"52","52.08","29"
"52","52.09","8"
"52","52.09","27"
"52","52.10","21"
"52","52.11","4"
"52","52.11","5"
"52","52.11","25"
"52","52.12","6"
"52","52.12","7"
"52","52.12","26"
"52","52.13","22"
"53","53.01","1"
"53","53.01","2"
"53","53.01","3"
"53","53.02","4"
"53","53.02","5"
"53","53.03","6"
"53","53.03","26"
"53","53.04","7"
"53","53.05","8"
"53","53.05","27"
"53","53.06","9"
"53","53.06","28"
"53","53.07","10"
"53","53.08","11"
"53","53.08","29"
"53","53.09","12"
"53","53.10","13"
"53","53.11","14"
"53","53.11","30"
"53","53.12","15"
"53","53.13","16"
"53","53.14","17"
"53","53.14","18"
"53","53.15","19"
"53","53.16","20"
"53","53.17","21"
"53","53.18","22"
"53","53.18","23"
"53","53.18","31"
"53","53.19","24"
"53","53.20","25"
"54","54.01.01","1"
"54","54.01.01","4"
"54","54.01.01","10"
"54","54.01.01","42"
"54","54.01.01","44"
"54","54.01.02","2"
"54","54.01.02","11"
"54","54.01.02","14"
"54","54.01.02","41"
"54","54.01.02","50"
"54","54.01.03","3"
"54","54.01.03","12"
"54","54.01.03","13"
"54","54.01.03","39"
"54","54.01.03","40"
"54","54.01.03","43"
"54","54.01.04","5"
"54","54.01.04","6"
"54","54.01.04","7"
"54","54.01.04","8"
"54","54.01.04","9"
"54","54.02","15"
"54","54.02","45"
"54","54.03","27"
"54","54.04","38"
"54","54.05","28"
"54","54.05","29"
"54","54.05","30"
"54","54.05","49"
"54","54.06","37"
"54","54.07","24"
"54","54.07","25"
"54","54.07","26"
"54","54.08","22"
"54","54.08","47"
"54","54.09","23"
"54","54.09","48"
"54","54.10","20"
"54","54.10","21"
"54","54.11","16"
"54","54.11","17"
"54","54.11","46"
"54","54.12","31"
"54","54.12","32"
"54","54.13","33"
"54","54.13","34"
"54","54.14","35"
"54","54.14","36"
"54","54.15","18"
"54","54.15","19"
"55","55.01.01","1"
"55","55.01.01","2"
"55","55.01.01","24"
"55","55.01.01","26"
"55","55.01.02","3"
"55","55.01.02","4"
"55","55.01.02","27"
"55","55.02","5"
"55","55.03","6"
"55","55.04","7"
"55","55.05","8"
"55","55.05","9"
"55","55.06","10"
"55","55.06","28"
"55","55.07","11"
"55","55.08","12"
"55","55.08","13"
"55","55.08","29"
"55","55.09","14"
"55","55.09","15"
"55","55.09","25"
"55","55.10","16"
"55","55.10","17"
"55","55.10","18"
"55","55.10","19"
"55","55.11","20"
"55","55.11","21"
"55","55.12","22"
"55","55.12","23"
"56","56.01.01","1"
"56","56.01.01","2"
"56","56.01.01","6"
"56","56.01.01","46"
"56","56.01.01","47"
"56","56.01.01","57"
"56","56.01.02","3"
"56","56.01.02","4"
"56","56.01.02","5"
"56","56.01.02","10"
"56","56.01.02","11"
"56","56.01.02","12"
"56","56.01.02","13"
"56","56.01.03","7"
"56","56.01.03","8"
"56","56.01.03","9"
"56","56.01.03","48"
"56","56.02","45"
"56","56.03","21"
"56","56.04","29"
"56","56.04","30"
"56","56.04","31"
"56","56.05","32"
"56","56.05","33"
"56","56.05","52"
"56","56.06","15"
"56","56.06","16"
"56","56.06","17"
"56","56.06","18"
"56","56.07","41"
"56","56.07","42"
"56","56.07","55"
"56","56.07","56"
"56","56.08","37"
"56","56.08","38"
"56","56.08","39"
"56","56.08","40"
"56","56.08","49"
"56","56.08","53"
"56","56.09","34"
"56","56.09","35"
"56","56.09","36"
"56","56.09","54"
"56","56.10","23"
"56","56.11","24"
"56","56.11","25"
"56","56.12","43"
"56","56.12","44"
"56","56.13","19"
"56","56.13","20"
"56","56.13","58"
"56","56.14","14"
"56","56.14","26"
"56","56.14","27"
"56","56.14","51"
"56","56.15","28"
"56","56.16","22"
"56","56.16","50"
"57","57.01.01","1"
"57","57.01.01","2"
"57","57.01.01","3"
"57","57.01.01","31"
"57","57.01.01","32"
"57","57.01.02","4"
"57","57.01.02","5"
"57","57.01.02","6"
"57","57.01.02","33"
"57","57.01.02","35"
"57","57.01.03","7"
"57","57.01.03","8"
"57","57.01.03","34"
"57","57.01.03","36"
"57","57.02","26"
"57","57.02","27"
"57","57.02","28"
"57","57.03","21"
"57","57.03","22"
"57","57.03","23"
"57","57.04","9"
"57","57.04","10"
"57","57.04","11"
"57","57.05","18"
"57","57.05","19"
"57","57.05","37"
"57","57.06","12"
"57","57.06","13"
"57","57.06","14"
"57","57.06","15"
"57","57.07","29"
"57","57.07","30"
"57","57.08","20"
"57","57.09","16"
"57","57.09","17"
"57","57.10","24"
"57","57.10","25"
"58","58.01.01","1"
"58","58.01.01","7"
"58","58.01.01","53"
"58","58.01.01","54"
"58","58.01.01","55"
"58","58.01.01","59"
"58","58.01.02","4"
"58","58.01.02","5"
"58","58.01.02","6"
"58","58.01.02","56"
"58","58.01.02","61"
"58","58.01.03","2"
"58","58.01.03","3"
"58","58.01.03","57"
"58","58.01.03","58"
"58","58.01.03","60"
"58","58.02","8"
"58","58.02","9"
"58","58.02","10"
"58","58.02","63"
"58","58.03","11"
"58","58.03","12"
"58","58.03","13"
"58","58.03","64"
"58","58.04","14"
"58","58.04","15"
"58","58.04","16"
"58","58.04","65"
"58","58.05","17"
"58","58.05","18"
"58","58.06","19"
"58","58.06","20"
"58","58.06","21"
"58","58.06","22"
"58","58.07","23"
"58","58.07","24"
"58","58.08","25"
"58","58.08","26"
"58","58.08","27"
"58","58.09","28"
"58","58.09","29"
"58","58.09","30"
"58","58.09","31"
"58","58.09","32"
"58","58.10","33"
"58","58.10","66"
"58","58.11","34"
"58","58.11","35"
"58","58.12","36"
"58","58.12","37"
"58","58.12","38"
"58","58.12","39"
"58","58.13","40"
"58","58.13","41"
"58","58.14","42"
"58","58.14","43"
"58","58.14","44"
"58","58.14","67"
"58","58.15","45"
"58","58.15","46"
"58","58.15","62"
"58","58.16","47"
"58","58.16","48"
"58","58.17","49"
"58","58.17","50"
"58","58.17","51"
"58","58.17","52"
"59","59.01","63"
"59","59.01","66"
"59","59.01","68"
"59","59.01","69"
"59","59.01","70"
"59","59.01","71"
"59","59.01","72"
"59","59.01","73"
"59","59.01","74"
"59","59.01","76"
"59","59.01","77"
"59","59.02","55"
"59","59.02","56"
"59","59.02","61"
"59","59.02","62"
"59","59.02","64"
"59","59.02","65"
"59","59.02","67"
"59","59.02","78"
"59","59.02","79"
"59","59.02","80"
"59","59.02","81"
"59","59.02","82"
"59","59.02","83"
"59","59.03","46"
"59","59.03","47"
"59","59.03","48"
"59","59.03","49"
"59","59.03","50"
"59","59.03","51"
"59","59.03","52"
"59","59.03","53"
"59","59.03","54"
"59","59.03","57"
"59","59.03","58"
"59","59.03","59"
"59","59.03","60"
"59","59.04","31"
"59","59.04","32"
"59","59.04","33"
"59","59.04","34"
"59","59.04","35"
"59","59.04","36"
"59","59.04","37"
"59","59.04","38"
"59","59.04","39"
"59","59.04","42"
"59","59.04","43"
"59","59.04","44"
"59","59.04","45"
"59","59.05","24"
"59","59.05","25"
"59","59.05","26"
"59","59.05","27"
"59","59.05","28"
"59","59.05","29"
"59","59.05","30"
"59","59.05","40"
"59","59.05","41"
"59","59.05","118"
"59","59.05","119"
"59","59.06","14"
"59","59.06","15"
"59","59.06","16"
"59","59.06","17"
"59","59.06","18"
"59","59.06","20"
"59","59.06","21"
"59","59.06","22"
"59","59.06","23"
"59","59.07","1"
"59","59.07","2"
"59","59.07","3"
"59","59.07","4"
"59","59.07","5"
"59","59.07","6"
"59","59.07","7"
"59","59.07","8"
"59","59.07","9"
"59","59.07","10"
"59","59.07","11"
"59","59.07","12"
"59","59.07","13"
"59","59.08","115"
"59","59.08","116"
"59","59.08","117"
"59","59.08","120"
"59","59.08","121"
"59","59.08","122"
"59","59.08","123"
"59","59.08","124"
"59","59.08","125"
"59","59.08","126"
"59","59.09","105"
"59","59.09","106"
"59","59.09","107"
"59","59.09","108"
"59","59.09","109"
"59","59.09","110"
"59","59.09","111"
"59","59.09","112"
"59","59.09","113"
"59","59.09","114"
"59","59.10","85"
"59","59.10","86"
"59","59.10","87"
"59","59.10","88"
"59","59.10","89"
"59","59.10","90"
"59","59.10","91"
"59","59.10","92"
"59","59.10","93"
"59","59.10","94"
"59","59.10","95"
"59","59.10","96"
"59","59.10","97"
"59","59.10","98"
"59","59.10","99"
"59","59.10","100"
"59","59.10","101"
"59","59.10","102"
"59","59.10","103"
"59","59.10","104"
"60","60.01.01","1"
"60","60.01.01","2"
"60","60.01.01","4"
"60","60.01.01","5"
"60","60.01.02","6"
"60","60.01.02","7"
"60","60.01.02","9"
"60","60.01.02","56"
"60","60.01.03","3"
"60","60.01.03","8"
"60","60.01.03","10"
"60","60.01.03","55"
"60","60.01.03","57"
"60","60.02","11"
"60","60.02","12"
"60","60.03","13"
"60","60.03","58"
"60","60.04","14"
"60","60.04","15"
"60","60.05","16"
"60","60.05","59"
"60","60.06","17"
"60","60.06","18"
"60","60.07","19"
"60","60.08","20"
"60","60.08","21"
"60","60.08","22"
"60","60.09","23"
"60","60.10","24"
"60","60.10","60"
"60","60.11","25"
"60","60.11","26"
"60","60.12","27"
"60","60.12","28"
"60","60.13","29"
"60","60.14","30"
"60","60.15","31"
"60","60.15","32"
"60","60.16","33"
"60","60.17","34"
"60","60.18","35"
"60","60.18","36"
"60","60.18","37"
"60","60.19","38"
"60","60.20","39"
"60","60.21","40"
"60","60.21","41"
"60","60.21","42"
"60","60.21","61"
"60","60.22","43"
"60","60.23","44"
"60","60.24","45"
"60","60.24","46"
"60","60.24","47"
"60","60.25","48"
"60","60.25","49"
"60","60.25","62"
"60","60.26","50"
"60","60.26","51"
"60","60.27","52"
"60","60.28","53"
"60","60.29","54"
"61","61.01.01","1"
"61","61.01.01","3"
"61","61.01.02","2"
"61","61.01.02","4"
"61","61.01.02","37"
"61","61.02","5"
"61","61.02","6"
"61","61.02","7"
"61","61.03","8"
"61","61.04","9"
"61","61.05","10"
"61","61.06","11"
"61","61.07","12"
"61","61.07","13"
"61","61.08","14"
"61","61.08","15"
"61","61.08","16"
"61","61.09","17"
"61","61.09","18"
"61","61.09","19"
"61","61.09","20"
"61","61.10","21"
"61","61.11","22"
"61","61.11","23"
"61","61.11","24"
"61","61.12","25"
"61","61.12","26"
"61","61.13","27"
"61","61.13","38"
"61","61.14","28"
"61","61.14","29"
"61","61.15","30"
"61","61.15","31"
"61","61.15","32"
"61","61.15","33"
"61","61.15","34"
"61","61.16","35"
"61","61.16","36"
"62","62.01","1"
"62","62.01","38"
"62","62.02","2"
"62","62.02","3"
"62","62.03","4"
"62","62.03","5"
"62","62.04","6"
"62","62.05","7"
"62","62.06","8"
"62","62.07","9"
"62","62.08","10"
"62","62.09","11"
"62","62.09","12"
"62","62.10","13"
"62","62.11","14"
"62","62.12","15"
"62","62.12","16"
"62","62.13","17"
"62","62.14","18"
"62","62.14","19"
"62","62.14","20"
"62","62.15","21"
"62","62.15","22"
"62","62.15","23"
"62","62.16","24"
"62","62.16","25"
"62","62.17","26"
"62","62.17","27"
"62","62.18","28"
"62","62.18","29"
"62","62.18","30"
"62","62.19","31"
"62","62.20","32"
"62","62.21","33"
"62","62.22","34"
"62","62.23","35"
"62","62.23","36"
"62","62.23","37"
"63","63.01.01","1"
"63","63.01.01","3"
"63","63.01.02","2"
"63","63.01.02","20"
"63","63.01.02","21"
"63","63.02","4"
"63","63.03","5"
"63","63.04","6"
"63","63.05","7"
"63","63.05","23"
"63","63.06","8"
"63","63.07","9"
"63","63.07","22"
"63","63.08","10"
"63","63.09","11"
"63","63.09","24"
"63","63.10","12"
"63","63.11","13"
"63","63.12","14"
"63","63.12","15"
"63","63.13","16"
"63","63.14","17"
"63","63.15","18"
"63","63.16","19"
"64","64.01.01","1"
"64","64.01.01","2"
"64","64.01.01","3"
"64","64.01.01","4"
"64","64.01.01","10"
"64","64.01.01","19"
"64","64.01.02","5"
"64","64.01.02","6"
"64","64.01.02","7"
"64","64.01.02","8"
"64","64.01.02","9"
"64","64.01.03","11"
"64","64.01.03","12"
"64","64.01.03","13"
"64","64.01.03","14"
"64","64.01.03","42"
"64","64.01.03","43"
"64","64.01.04","15"
"64","64.01.04","16"
"64","64.01.04","17"
"64","64.01.04","18"
"64","64.02","20"
"64","64.03","21"
"64","64.04","22"
"64","64.05","23"
"64","64.06","24"
"64","64.07","25"
"64","64.07","41"
"64","64.08","26"
"64","64.08","27"
"64","64.09","28"
"64","64.10","29"
"64","64.10","30"
"64","64.11","31"
"64","64.11","32"
"64","64.12","33"
"64","64.13","34"
"64","64.13","35"
"64","64.14","36"
"64","64.14","37"
"64","64.14","38"
"64","64.15","39"
"64","64.15","40"
"65","65.01.01","1"
"65","65.01.01","3"
"65","65.01.01","37"
"65","65.01.02","2"
"65","65.01.02","4"
"65","65.02","5"
"65","65.02","6"
"65","65.02","7"
"65","65.03","8"
"65","65.03","9"
"65","65.04","10"
"65","65.04","11"
"65","65.05","12"
"65","65.06","13"
"65","65.06","14"
"65","65.06","15"
"65","65.06","38"
"65","65.07","16"
"65","65.08","17"
"65","65.08","18"
"65","65.09","19"
"65","65.09","20"
"65","65.10","21"
"65","65.11","22"
"65","65.11","23"
"65","65.12","24"
"65","65.12","25"
"65","65.13","26"
"65","65.13","39"
"65","65.14","27"
"65","65.14","28"
"65","65.15","29"
"65","65.16","30"
"65","65.17","31"
"65","65.18","32"
"65","65.18","33"
"65","65.19","34"
"65","65.20","35"
"65","65.21","36"
"66","66.01.01","1"
"66","66.01.01","3"
"66","66.01.02","2"
"66","66.01.02","28"
"66","66.02","5"
"66","66.03","4"
"66","66.04","6"
"66","66.05","7"
"66","66.05","29"
"66","66.06","8"
"66","66.07","9"
"66","66.08","10"
"66","66.09","11"
"66","66.09","30"
"66","66.10","12"
"66","66.10","31"
"66","66.11","13"
"66","66.12","14"
"66","66.13","15"
"66","66.13","16"
"66","66.13","17"
"66","66.14","18"
"66","66.15","19"
"66","66.15","20"
"66","66.16","21"
"66","66.16","32"
"66","66.17","22"
"66","66.18","23"
"66","66.19","24"
"66","66.20","25"
"66","66.21","26"
"66","66.21","27"
"67","67.01.01","1"
"67","67.01.01","4"
"67","67.01.01","6"
"67","67.01.01","8"
"67","67.01.01","9"
"67","67.01.01","11"
"67","67.01.01","13"
"67","67.01.01","83"
"67","67.01.01","90"
"67","67.01.02","10"
"67","67.01.02","12"
"67","67.01.02","18"
"67","67.01.02","20"
"67","67.01.02","21"
"67","67.01.02","23"
"67","67.01.02","84"
"67","67.01.02","87"
"67","67.01.03","2"
"67","67.01.03","3"
"67","67.01.03","5"
"67","67.01.03","7"
"67","67.01.03","29"
"67","67.01.03","30"
"67","67.01.03","80"
"67","67.01.03","81"
"67","67.01.03","82"
"67","67.01.04","14"
"67","67.01.04","15"
"67","67.01.04","16"
"67","67.01.04","17"
"67","67.01.04","19"
"67","67.01.04","22"
"67","67.01.04","85"
"67","67.01.04","86"
"67","67.01.04","88"
"67","67.01.05","24"
"67","67.01.05","25"
"67","67.01.05","26"
"67","67.01.05","27"
"67","67.01.05","28"
"67","67.01.05","89"
"67","67.01.05","105"
"67","67.02","31"
"67","67.03","32"
"67","67.03","91"
"67","67.04","33"
"67","67.04","34"
"67","67.05","35"
"67","67.06","36"
"67","67.06","37"
"67","67.06","92"
"67","67.07","38"
"67","67.07","39"
"67","67.08","40"
"67","67.09","41"
"67","67.09","42"
"67","67.09","43"
"67","67.09","93"
"67","67.10","44"
"67","67.11","45"
"67","67.12","46"
"67","67.12","47"
"67","67.12","48"
"67","67.12","94"
"67","67.13","49"
"67","67.13","50"
"67","67.13","95"
"67","67.13","96"
"67","67.14","51"
"67","67.14","52"
"67","67.14","97"
"67","67.15","53"
"67","67.15","54"
"67","67.16","55"
"67","67.16","56"
"67","67.17","57"
"67","67.17","58"
"67","67.18","59"
"67","67.18","60"
"67","67.19","61"
"67","67.20","62"
"67","67.20","98"
"67","67.21","63"
"67","67.21","99"
"67","67.22","64"
"67","67.22","65"
"67","67.22","66"
"67","67.22","100"
"67","67.23","67"
"67","67.24","68"
"67","67.25","69"
"67","67.25","101"
"67","67.26","70"
"67","67.26","71"
"67","67.26","72"
"67","67.26","102"
"67","67.27","73"
"67","67.27","74"
"67","67.27","103"
"67","67.28","75"
"67","67.29","76"
"67","67.29","77"
"67","67.29","106"
"67","67.30","78"
"67","67.30","104"
"67","67.31","79"
"67","67.31","108"
"68","68.01.01","4"
"68","68.01.01","24"
"68","68.01.01","25"
"68","68.01.02","1"
"68","68.01.02","2"
"68","68.01.02","3"
"68","68.02","5"
"68","68.02","6"
"68","68.02","7"
"68","68.02","8"
"68","68.02","26"
"68","68.03","9"
"68","68.04","10"
"68","68.04","11"
"68","68.05","12"
"68","68.06","13"
"68","68.07","14"
"68","68.08","15"
"68","68.09","16"
"68","68.10","17"
"68","68.10","28"
"68","68.11","18"
"68","68.11","19"
"68","68.12","20"
"68","68.13","21"
"68","68.13","22"
"68","68.14","23"
"68","68.14","27"
"69","69.01","1"
"69","69.01","2"
"69","69.01","3"
"69","69.01","27"
"69","69.02","4"
"69","69.02","5"
"69","69.03","6"
"69","69.04","7"
"69","69.05","8"
"69","69.05","9"
"69","69.06","10"
"69","69.06","11"
"69","69.06","12"
"69","69.06","13"
"69","69.07","14"
"69","69.08","15"
"69","69.08","16"
"69","69.09","17"
"69","69.10","18"
"69","69.10","19"
"69","69.10","20"
"69","69.11","21"
"69","69.12","22"
"69","69.12","23"
"69","69.13","24"
"69","69.13","25"
"69","69.13","26"
"70","70.01","10"
"70","70.01","11"
"70","70.01","28"
"70","70.02","12"
"70","70.02","13"
"70","70.02","25"
"70","70.02","29"
"70","70.03","14"
"70","70.03","15"
"70","70.03","24"
"70","70.04","1"
"70","70.04","3"
"70","70.04","8"
"70","70.05","9"
"70","70.05","23"
"70","70.05","30"
"70","70.06","2"
"70","70.06","4"
"70","70.06","31"
"70","70.07","5"
"70","70.07","27"
"70","70.07","34"
"70","70.08","7"
"70","70.08","22"
"70","70.08","33"
"70","70.09","16"
"70","70.09","17"
"70","70.09","20"
"70","70.09","26"
"70","70.10","18"
"70","70.10","19"
"70","70.10","21"
"79","79.01","42"
"79","79.01","43"
"79","79.01","45"
"79","79.01","57"
"79","79.01","59"
"79","79.01","81"
"79","79.01","96"
"79","79.01","97"
"79","79.01","98"
"79","79.01","102"
"79","79.02","4"
"79","79.02","36"
"79","79.02","37"
"79","79.02","38"
"79","79.02","39"
"79","79.02","40"
"79","79.02","41"
"79","79.02","50"
"79","79.02","60"
"79","79.02","73"
"79","79.03","29"
"79","79.03","30"
"79","79.03","32"
"79","79.03","33"
"79","79.03","35"
"79","79.03","46"
"79","79.03","56"
"79","79.03","63"
"79","79.03","71"
"79","79.03","72"
"79","79.03","74"
"79","79.04","82"
"79","79.04","83"
"79","79.04","84"
"79","79.04","85"
"79","79.04","86"
"79","79.04","87"
"79","79.04","93"
"79","79.04","94"
"79","79.04","95"
"79","79.04","99"
"79","79.04","101"
"79","79.05","24"
"79","79.05","25"
"79","79.05","26"
"79","79.05","27"
"79","79.05","28"
"79","79.05","44"
"79","79.05","55"
"79","79.05","61"
"79","79.05","62"
"79","79.05","64"
"79","79.05","103"
"79","79.06","1"
"79","79.06","2"
"79","79.06","3"
"79","79.06","7"
"79","79.06","8"
"79","79.06","9"
"79","79.06","34"
"79","79.06","48"
"79","79.06","51"
"79","79.06","66"
"79","79.06","70"
"79","79.07","6"
"79","79.07","10"
"79","79.07","12"
"79","79.07","13"
"79","79.07","14"
"79","79.07","49"
"79","79.07","52"
"79","79.07","53"
"79","79.07","65"
"79","79.08","11"
"79","79.08","15"
"79","79.08","16"
"79","79.08","17"
"79","79.08","18"
"79","79.08","19"
"79","79.08","31"
"79","79.08","54"
"79","79.08","68"
"79","79.09","20"
"79","79.09","21"
"79","79.09","22"
"79","79.09","23"
"79","79.09","47"
"79","79.09","58"
"79","79.09","67"
"79","79.09","69"
"79","79.09","75"
"79","79.09","104"
"79","79.10","76"
"79","79.10","77"
"79","79.10","78"
"79","79.10","79"
"79","79.10","88"
"79","79.10","89"
"79","79.10","90"
"79","79.10","91"
"79","79.10","92"
"79","79.10","100"
"80","80.01","1"
"80","80.01","2"
"80","80.01","3"
"80","80.01","4"
"80","80.01","5"
"80","80.02","6"
"80","80.02","7"
"80","80.02","8"
"80","80.02","9"
"80","80.02","10"
"80","80.03","11"
"80","80.03","12"
"80","80.03","13"
"80","80.04","14"
"80","80.04","15"
"80","80.04","16"
"80","80.04","17"
"80","80.05","18"
"80","80.05","19"
"80","80.06","20"
"80","80.06","21"
"80","80.07","22"
"80","80.07","23"
"80","80.07","24"
"80","80.08","25"
"80","80.08","26"
"80","80.08","27"
"80","80.08","28"
"80","80.08","31"
"80","80.09","29"
"80","80.09","30"
"81","81.01.01","1"
"81","81.01.01","2"
"81","81.01.01","3"
"81","81.01.01","51"
"81","81.01.01","52"
"81","81.01.02","4"
"81","81.01.02","5"
"81","81.01.02","6"
"81","81.01.02","7"
"81","81.01.02","53"
"81","81.01.03","8"
"81","81.01.03","9"
"81","81.01.03","10"
"81","81.01.03","54"
"81","81.02","11"
"81","81.02","12"
"81","81.02","56"
"81","81.02","64"
"81","81.03","13"
"81","81.03","14"
"81","81.03","15"
"81","81.03","16"
"81","81.03","17"
"81","81.03","18"
"81","81.03","63"
"81","81.04","19"
"81","81.04","57"
"81","81.05","20"
"81","81.06","21"
"81","81.06","22"
"81","81.07","23"
"81","81.08","24"
"81","81.08","61"
"81","81.09","25"
"81","81.10","26"
"81","81.10","27"
"81","81.10","28"
"81","81.10","55"
"81","81.11","29"
"81","81.11","30"
"81","81.11","65"
"81","81.12","31"
"81","81.12","32"
"81","81.12","60"
"81","81.13","33"
"81","81.13","34"
"81","81.13","35"
"81","81.14","36"
"81","81.14","37"
"81","81.15","38"
"81","81.15","39"
"81","81.15","40"
"81","81.15","62"
"81","81.16","41"
"81","81.16","42"
"81","81.17","43"
"81","81.17","44"
"81","81.17","58"
"81","81.18","45"
"81","81.19","46"
"81","81.19","47"
"81","81.20","48"
"81","81.20","49"
"81","81.20","50"
"81","81.20","59"
"82","82.01","1"
"82","82.01","2"
"82","82.01","3"
"82","82.01","4"
"82","82.01","46"
"82","82.02","5"
"82","82.02","6"
"82","82.02","7"
"82","82.02","8"
"82","82.03","9"
"82","82.03","10"
"82","82.03","11"
"82","82.03","12"
"82","82.03","13"
"82","82.04","14"
"82","82.04","15"
"82","82.04","16"
"82","82.04","17"
"82","82.04","47"
"82","82.04","48"
"82","82.05","18"
"82","82.05","19"
"82","82.05","20"
"82","82.05","21"
"82","82.05","22"
"82","82.05","44"
"82","82.05","49"
"82","82.06","23"
"82","82.06","24"
"82","82.06","25"
"82","82.06","26"
"82","82.06","27"
"82","82.06","28"
"82","82.07","29"
"82","82.07","30"
"82","82.07","31"
"82","82.07","32"
"82","82.08","33"
"82","82.08","34"
"82","82.08","35"
"82","82.08","36"
"82","82.08","37"
"82","82.09","38"
"82","82.09","39"
"82","82.09","40"
"82","82.09","41"
"82","82.09","42"
"82","82.09","43"
"82","82.09","45"
"83","83.02","8"
"83","83.02","9"
"83","83.02","10"
"83","83.02","11"
"83","83.03","37"
"83","83.04","18"
"83","83.04","19"
"83","83.04","20"
"83","83.04","21"
"83","83.04","22"
"83","83.04","23"
"83","83.04","45"
"83","83.05","30"
"83","83.05","31"
"83","83.06","28"
"83","83.06","29"
"83","83.06","32"
"83","83.06","33"
"83","83.06","34"
"83","83.06","35"
"83","83.06","36"
"83","83.06","46"
"83","83.08","43"
"83","83.08","44"
"83","83.09","38"
"83","83.09","39"
"83","83.09","40"
"83","83.09","41"
"83","83.09","42"
"83","83.10","12"
"83","83.10","13"
"83","83.10","14"
"83","83.10","15"
"83","83.10","16"
"83","83.10","17"
"83","83.11","27"
"83","83.12","24"
"83","83.12","25"
"83","83.12","26"
"83","83.13","1"
"83","83.13","2"
"83","83.13","3"
"83","83.13","4"
"83","83.13","5"
"83","83.13","6"
"83","83.13","7"
"84","84.01","1"
"84","84.02","2"
"84","84.03","3"
"84","84.03","4"
"84","84.03","5"
"84","84.03","6"
"84","84.03","7"
"84","84.03","8"
"84","84.03","9"
"84","84.03","10"
"84","84.03","47"
"84","84.04","11"
"84","84.04","12"
"84","84.05","13"
"84","84.05","14"
"84","84.05","15"
"84","84.05","16"
"84","84.05","17"
"84","84.05","46"
"84","84.05","52"
"84","84.05","53"
"84","84.06","18"
"84","84.06","19"
"84","84.06","20"
"84","84.06","21"
"84","84.07","22"
"84","84.07","23"
"84","84.07","48"
"84","84.08","24"
"84","84.08","25"
"84","84.08","26"
"84","84.08","51"
"84","84.09","27"
"84","84.09","28"
"84","84.10","29"
"84","84.10","30"
"84","84.10","31"
"84","84.10","32"
"84","84.10","33"
"84","84.10","45"
"84","84.10","54"
"84","84.11","34"
"84","84.11","35"
"84","84.11","36"
"84","84.12","37"
"84","84.12","38"
"84","84.12","39"
"84","84.12","40"
"84","84.12","41"
"84","84.12","49"
"84","84.12","50"
"84","84.13","42"
"84","84.13","43"
"84","84.13","44"
